{"cameraMode":{"drawMode":0,"name":"Shaded","section":"Shading Mode"},"sceneLighting":true,"audioPlay":false,"sceneViewState":{"m_AlwaysRefresh":false,"showFog":true,"showSkybox":true,"showFlares":true,"showImageEffects":true,"showParticleSystems":true,"showVisualEffectGraphs":true,"m_FxEnabled":true},"in2DMode":false,"pivot":{"x":-0.1851998269557953,"y":-0.32912352681159975,"z":-0.8899999856948853},"rotation":{"x":0.1345806121826172,"y":-0.011890527792274952,"z":0.0016150452429428697,"w":0.9908295273780823},"size":0.7639958262443543,"orthographic":false}