{"cameraMode":{"drawMode":0,"name":"Shaded","section":"Shading Mode"},"sceneLighting":true,"audioPlay":false,"sceneViewState":{"m_AlwaysRefresh":false,"showFog":true,"showSkybox":true,"showFlares":true,"showImageEffects":true,"showParticleSystems":true,"showVisualEffectGraphs":true,"m_FxEnabled":true},"in2DMode":false,"pivot":{"x":0.7535805702209473,"y":-0.7912179231643677,"z":0.5508228540420532},"rotation":{"x":0.1597597897052765,"y":0.02516978234052658,"z":-0.004074829164892435,"w":0.9868270754814148},"size":3.471252918243408,"orthographic":true}