{"cameraMode":{"drawMode":0,"name":"Shaded","section":"Shading Mode"},"sceneLighting":true,"audioPlay":false,"sceneViewState":{"m_AlwaysRefresh":false,"showFog":true,"showSkybox":true,"showFlares":true,"showImageEffects":true,"showParticleSystems":true,"showVisualEffectGraphs":true,"m_FxEnabled":true},"in2DMode":false,"pivot":{"x":0.3710762560367584,"y":1.5340805053710938,"z":-0.9341030120849609},"rotation":{"x":0.0868854746222496,"y":-0.01046009361743927,"z":0.0009123307536356151,"w":0.9961625933647156},"size":3.963566780090332,"orthographic":true}